{"rise": 0.6628029043055229, "drop": 0.790138762212506}