{"rise": 0.5436466168301847, "drop": 0.6092873459413515}