{"rise": 0.663282697576586, "drop": 0.7907959158765864}