{"rise": 0.6519100172010553, "drop": 0.7823881441353988}