{"rise": 0.6127942974599624, "drop": 0.7623124983050935}