{"rise": 0.6573751731078701, "drop": 0.7897331084376851}