{
  "baseline_drop_auc": 0.769276913809176,
  "experiments": {
    "1a_baseline": 0.769276913809176,
    "1b_top80pct": 0.7721269725351094,
    "1c_top60pct": 0.7751309975331742,
    "1d_interactions": 0.7662863503431008,
    "1e_squared": 0.7752496272838331,
    "2_spw_0.5x": 0.7694573824724122,
    "2_spw_0.75x": 0.7664054007666341,
    "2_spw_1.0x": 0.7656759540019452,
    "2_spw_1.5x": 0.7650016153838387,
    "2_spw_2.0x": 0.7675412175282608,
    "2_spw_3.0x": 0.7651555816559703,
    "3_optuna_best_raw": 0.7786991448561804,
    "3_optuna_best_cal": 0.7762815378454144,
    "3_top1_cal": 0.7762815378454144,
    "3_top2_cal": 0.7764241459499299,
    "3_top3_cal": 0.7732590032408638
  },
  "optuna_best_params": {
    "max_depth": 7,
    "learning_rate": 0.024095007534753035,
    "subsample": 0.5229875338411862,
    "colsample_bytree": 0.6127399358342895,
    "min_child_weight": 71,
    "reg_alpha": 0.04082761159116752,
    "reg_lambda": 1.4085049128608618,
    "gamma": 0.2867005340326531,
    "scale_pos_weight": 8.56536521310349
  }
}