{
  "rise": {
    "ret5": 0.015497100539505482,
    "ret20": 0.013564261607825756,
    "ret60": 0.025424843654036522,
    "ret90": 0.01257543358951807,
    "ma5_25": 0.011259268037974834,
    "ma25_75": 0.014422653242945671,
    "rsi": 0.012576677836477757,
    "vol20": 0.05842580273747444,
    "vol60": 0.06740731745958328,
    "pos52": 0.01982170343399048,
    "drawdown60": 0.0124192014336586,
    "from_hi52": 0.014794692397117615,
    "down_streak": 0.011018186807632446,
    "momentum_accel": 0.01275243517011404,
    "ma_cross_dir": 0.015323235653340816,
    "vr520": 0.011938116513192654,
    "vr2060": 0.012381079606711864,
    "vsurge": 0.017110472545027733,
    "nk5": 0.12434753030538559,
    "nk20": 0.08859674632549286,
    "nk60": 0.13930955529212952,
    "ac": 0.010631533339619637,
    "skew": 0.011304538697004318,
    "max_ret": 0.024294564500451088,
    "min_ret": 0.01701199822127819,
    "pos_ratio": 0.014575431123375893,
    "trend_slope": 0.010525085963308811,
    "recent_vs_early": 0.012586365453898907,
    "cs_ret5": 0.013546411879360676,
    "cs_ret20": 0.016981249675154686,
    "cs_ret60": 0.023378154262900352,
    "cs_rsi": 0.012630706652998924,
    "cs_vol20": 0.014865731820464134,
    "cs_pos52": 0.0133745102211833
  },
  "drop": {
    "ret5": 0.012301841750741005,
    "ret20": 0.01276248600333929,
    "ret60": 0.013284988701343536,
    "ret90": 0.01968144252896309,
    "ma5_25": 0.011427381075918674,
    "ma25_75": 0.012728545814752579,
    "rsi": 0.00989883579313755,
    "vol20": 0.035945143550634384,
    "vol60": 0.0906287133693695,
    "pos52": 0.019809255376458168,
    "drawdown60": 0.013264382258057594,
    "from_hi52": 0.027851011604070663,
    "down_streak": 0.011508072726428509,
    "momentum_accel": 0.01167928148061037,
    "ma_cross_dir": 0.013780353590846062,
    "vr520": 0.011465140618383884,
    "vr2060": 0.011364879086613655,
    "vsurge": 0.013458391651511192,
    "nk5": 0.12473437935113907,
    "nk20": 0.07940548658370972,
    "nk60": 0.14959178864955902,
    "ac": 0.009664549492299557,
    "skew": 0.01078724954277277,
    "max_ret": 0.019370419904589653,
    "min_ret": 0.017492519691586494,
    "pos_ratio": 0.013950113207101822,
    "trend_slope": 0.015156260691583157,
    "recent_vs_early": 0.014797517098486423,
    "cs_ret5": 0.01205055695027113,
    "cs_ret20": 0.013959476724267006,
    "cs_ret60": 0.01483568549156189,
    "cs_rsi": 0.01272802148014307,
    "cs_vol20": 0.017115572467446327,
    "cs_pos52": 0.014725149609148502
  }
}