{
  "rise": {
    "ret5": 0.06607069075107574,
    "ret20": 0.007067781873047352,
    "ret60": 0.006346428766846657,
    "ret90": 0.006671960931271315,
    "ma5_25": 0.005600082688033581,
    "ma25_75": 0.004653572104871273,
    "rsi": 0.0036158158909529448,
    "vol20": 0.016121037304401398,
    "vol60": 0.017297547310590744,
    "pos52": 0.007636316120624542,
    "drawdown60": 0.005081093404442072,
    "from_hi52": 0.005025916732847691,
    "down_streak": 0.004596127662807703,
    "momentum_accel": 0.016243107616901398,
    "ma_cross_dir": 0.002836889587342739,
    "vr520": 0.00433284230530262,
    "vr2060": 0.0035188912879675627,
    "vsurge": 0.005741915199905634,
    "nk5": 0.061365872621536255,
    "nk20": 0.08783669024705887,
    "nk60": 0.04429260641336441,
    "ac": 0.0049217697232961655,
    "skew": 0.0034962790086865425,
    "max_ret": 0.011614923365414143,
    "min_ret": 0.008198902010917664,
    "pos_ratio": 0.004802952520549297,
    "trend_slope": 0.006730076856911182,
    "recent_vs_early": 0.004142833407968283,
    "rel5": 0.04834854602813721,
    "rel20": 0.006508433260023594,
    "rel60": 0.007048226427286863,
    "alpha_momentum": 0.01564447022974491,
    "per_feat": 0.0,
    "pbr_feat": 0.0,
    "roe_feat": 0.0,
    "earn_feat": 0.0,
    "div_ex_feat": 0.0,
    "sin_month": 0.04072241857647896,
    "cos_month": 0.025808781385421753,
    "div_yield_f": 0.0,
    "eps_growth_f": 0.0,
    "dps_growth_f": 0.0,
    "vix_feat": 0.06110922619700432,
    "us5_f": 0.06603983044624329,
    "us20_f": 0.07362671941518784,
    "amihud_f": 0.007833111099898815,
    "fx_beta_f": 0.006819711532443762,
    "jpy5_f": 0.15685708820819855,
    "eps_surprise_f": 0.0,
    "bps_growth_f": 0.0,
    "piotroski_f": 0.0,
    "payout_f": 0.0,
    "accruals_f": 0.0,
    "edinet_hold_f": 0.0,
    "ret504": 0.004660418257117271,
    "trend_slope60": 0.004584981594234705,
    "trend_r2_60": 0.003334866603836417,
    "cs_ret5": 0.006060897372663021,
    "cs_ret20": 0.006058821454644203,
    "cs_ret60": 0.004093521274626255,
    "cs_rsi": 0.003918739035725594,
    "cs_vol20": 0.012230622582137585,
    "cs_pos52": 0.008719397708773613,
    "cs_sector_ret60": 0.004110223148018122
  },
  "drop": {
    "ret5": 0.00801547896116972,
    "ret20": 0.010288705118000507,
    "ret60": 0.008057160302996635,
    "ret90": 0.013863859698176384,
    "ma5_25": 0.009505429305136204,
    "ma25_75": 0.007943335920572281,
    "rsi": 0.00457747234031558,
    "vol20": 0.037716105580329895,
    "vol60": 0.03856030851602554,
    "pos52": 0.013067679479718208,
    "drawdown60": 0.00899471901357174,
    "from_hi52": 0.017931809648871422,
    "down_streak": 0.006712465547025204,
    "momentum_accel": 0.006108183413743973,
    "ma_cross_dir": 0.003918756265193224,
    "vr520": 0.0021601724438369274,
    "vr2060": 0.0061690108850598335,
    "vsurge": 0.003153707832098007,
    "nk5": 0.03054049238562584,
    "nk20": 0.10529100149869919,
    "nk60": 0.11896274983882904,
    "ac": 0.0026690890081226826,
    "skew": 0.0035844503436237574,
    "max_ret": 0.031279999762773514,
    "min_ret": 0.012857145629823208,
    "pos_ratio": 0.004177633672952652,
    "trend_slope": 0.014306588098406792,
    "recent_vs_early": 0.014968480914831161,
    "rel5": 0.0063140797428786755,
    "rel20": 0.010675085708498955,
    "rel60": 0.011415159329771996,
    "alpha_momentum": 0.007218511309474707,
    "per_feat": 0.0,
    "pbr_feat": 0.0,
    "roe_feat": 0.0,
    "earn_feat": 0.0,
    "div_ex_feat": 0.0,
    "sin_month": 0.02079002559185028,
    "cos_month": 0.022658031433820724,
    "div_yield_f": 0.0,
    "eps_growth_f": 0.0,
    "dps_growth_f": 0.0,
    "vix_feat": 0.04725661501288414,
    "us5_f": 0.03569992259144783,
    "us20_f": 0.04158131778240204,
    "amihud_f": 0.008974551223218441,
    "fx_beta_f": 0.008872022852301598,
    "jpy5_f": 0.09867315739393234,
    "eps_surprise_f": 0.0,
    "bps_growth_f": 0.0,
    "piotroski_f": 0.0,
    "payout_f": 0.0,
    "accruals_f": 0.0,
    "edinet_hold_f": 0.0,
    "ret504": 0.012073115445673466,
    "trend_slope60": 0.008316687308251858,
    "trend_r2_60": 0.0022738142870366573,
    "cs_ret5": 0.007626851089298725,
    "cs_ret20": 0.005930859129875898,
    "cs_ret60": 0.00880495086312294,
    "cs_rsi": 0.002960826037451625,
    "cs_vol20": 0.07160894572734833,
    "cs_pos52": 0.011760646477341652,
    "cs_sector_ret60": 0.0031328490003943443
  }
}