{
  "rise": {
    "ret5": 0.017309363931417465,
    "ret20": 0.02188940718770027,
    "ret60": 0.015144438482820988,
    "ret90": 0.019726496189832687,
    "ma5_25": 0.012068130075931549,
    "ma25_75": 0.014881200157105923,
    "rsi": 0.013667136430740356,
    "vol20": 0.04553849622607231,
    "vol60": 0.09023977071046829,
    "pos52": 0.024694304913282394,
    "drawdown60": 0.015003470703959465,
    "from_hi52": 0.02149813249707222,
    "down_streak": 0.016644839197397232,
    "momentum_accel": 0.01634841226041317,
    "ma_cross_dir": 0.04076389595866203,
    "vr520": 0.016873260959982872,
    "vr2060": 0.017578234896063805,
    "vsurge": 0.02023097313940525,
    "nk5": 0.04779795557260513,
    "nk20": 0.06185685098171234,
    "nk60": 0.05220263823866844,
    "ac": 0.014706496149301529,
    "skew": 0.013615278527140617,
    "max_ret": 0.026294901967048645,
    "min_ret": 0.01560969464480877,
    "pos_ratio": 0.015482143498957157,
    "trend_slope": 0.0176306813955307,
    "recent_vs_early": 0.022672533988952637,
    "cs_ret5": 0.014219877310097218,
    "cs_ret20": 0.014572978019714355,
    "cs_ret60": 0.015657179057598114,
    "cs_rsi": 0.013151902705430984,
    "cs_vol20": 0.19011394679546356,
    "cs_pos52": 0.024315034970641136
  },
  "drop": {
    "ret5": 0.015584047883749008,
    "ret20": 0.012856216169893742,
    "ret60": 0.018759826198220253,
    "ret90": 0.03343779966235161,
    "ma5_25": 0.017047829926013947,
    "ma25_75": 0.015436719171702862,
    "rsi": 0.01299199927598238,
    "vol20": 0.01912786439061165,
    "vol60": 0.19951952993869781,
    "pos52": 0.01818573847413063,
    "drawdown60": 0.015253115445375443,
    "from_hi52": 0.053695179522037506,
    "down_streak": 0.012822570279240608,
    "momentum_accel": 0.013843610882759094,
    "ma_cross_dir": 0.015317145735025406,
    "vr520": 0.013449400663375854,
    "vr2060": 0.016185572370886803,
    "vsurge": 0.0185887198895216,
    "nk5": 0.04438534751534462,
    "nk20": 0.04339902475476265,
    "nk60": 0.046071089804172516,
    "ac": 0.014085544273257256,
    "skew": 0.017160741612315178,
    "max_ret": 0.01860561966896057,
    "min_ret": 0.013739360496401787,
    "pos_ratio": 0.013594198040664196,
    "trend_slope": 0.019163768738508224,
    "recent_vs_early": 0.014659770764410496,
    "cs_ret5": 0.015424882993102074,
    "cs_ret20": 0.014857979491353035,
    "cs_ret60": 0.014188562519848347,
    "cs_rsi": 0.013855607248842716,
    "cs_vol20": 0.1473666876554489,
    "cs_pos52": 0.027339007705450058
  }
}