{
  "rise": {
    "ret5": 0.016669603064656258,
    "ret20": 0.017343074083328247,
    "ret60": 0.045357100665569305,
    "ret90": 0.045438580214977264,
    "ma5_25": 0.026350639760494232,
    "ma25_75": 0.04905949532985687,
    "rsi": 0.019151845946907997,
    "vol20": 0.017891157418489456,
    "vol60": 0.028090553358197212,
    "pos52": 0.022645071148872375,
    "drawdown60": 0.01929290220141411,
    "from_hi52": 0.020066848024725914,
    "down_streak": 0.018921896815299988,
    "momentum_accel": 0.02183889038860798,
    "ma_cross_dir": 0.018627256155014038,
    "vr520": 0.01769588328897953,
    "vr2060": 0.023242482915520668,
    "vsurge": 0.02298928238451481,
    "nk5": 0.0,
    "nk20": 0.0,
    "nk60": 0.0,
    "ac": 0.0174870565533638,
    "skew": 0.016019759699702263,
    "max_ret": 0.02333296462893486,
    "min_ret": 0.021543432027101517,
    "pos_ratio": 0.02825593762099743,
    "trend_slope": 0.01804354041814804,
    "recent_vs_early": 0.019909529015421867,
    "rel5": 0.01612461544573307,
    "rel20": 0.02025458589196205,
    "rel60": 0.04944654181599617,
    "alpha_momentum": 0.020050549879670143,
    "per_feat": 0.0,
    "pbr_feat": 0.0,
    "roe_feat": 0.0,
    "earn_feat": 0.0,
    "div_ex_feat": 0.0,
    "sin_month": 0.0,
    "cos_month": 0.0,
    "div_yield_f": 0.0,
    "eps_growth_f": 0.0,
    "dps_growth_f": 0.0,
    "vix_feat": 0.0,
    "us5_f": 0.0,
    "us20_f": 0.0,
    "amihud_f": 0.03395300358533859,
    "fx_beta_f": 0.0,
    "jpy5_f": 0.0,
    "eps_surprise_f": 0.0,
    "bps_growth_f": 0.0,
    "piotroski_f": 0.0,
    "payout_f": 0.0,
    "accruals_f": 0.0,
    "edinet_hold_f": 0.0,
    "ret504": 0.03131011500954628,
    "trend_slope60": 0.05434119701385498,
    "trend_r2_60": 0.019302695989608765,
    "cs_ret5": 0.02216138131916523,
    "cs_ret20": 0.016903040930628777,
    "cs_ret60": 0.03913075104355812,
    "cs_rsi": 0.01753288321197033,
    "cs_vol20": 0.019211428239941597,
    "cs_pos52": 0.02399102970957756,
    "cs_sector_ret60": 0.02102144993841648
  },
  "drop": {
    "ret5": 0.018382299691438675,
    "ret20": 0.018222976475954056,
    "ret60": 0.018731970340013504,
    "ret90": 0.024323442950844765,
    "ma5_25": 0.019902026280760765,
    "ma25_75": 0.018661774694919586,
    "rsi": 0.015621465630829334,
    "vol20": 0.07002367824316025,
    "vol60": 0.12865300476551056,
    "pos52": 0.038603052496910095,
    "drawdown60": 0.03500869497656822,
    "from_hi52": 0.046907588839530945,
    "down_streak": 0.015599662438035011,
    "momentum_accel": 0.011854101903736591,
    "ma_cross_dir": 0.012891750782728195,
    "vr520": 0.01945621334016323,
    "vr2060": 0.01612105593085289,
    "vsurge": 0.016968268901109695,
    "nk5": 0.0,
    "nk20": 0.0,
    "nk60": 0.0,
    "ac": 0.013217740692198277,
    "skew": 0.017848709598183632,
    "max_ret": 0.019840393215417862,
    "min_ret": 0.04823559150099754,
    "pos_ratio": 0.016901280730962753,
    "trend_slope": 0.016540082171559334,
    "recent_vs_early": 0.01727060042321682,
    "rel5": 0.010480398312211037,
    "rel20": 0.03744926303625107,
    "rel60": 0.015048082917928696,
    "alpha_momentum": 0.011282190680503845,
    "per_feat": 0.0,
    "pbr_feat": 0.0,
    "roe_feat": 0.0,
    "earn_feat": 0.0,
    "div_ex_feat": 0.0,
    "sin_month": 0.0,
    "cos_month": 0.0,
    "div_yield_f": 0.0,
    "eps_growth_f": 0.0,
    "dps_growth_f": 0.0,
    "vix_feat": 0.0,
    "us5_f": 0.0,
    "us20_f": 0.0,
    "amihud_f": 0.0183850284665823,
    "fx_beta_f": 0.0,
    "jpy5_f": 0.0,
    "eps_surprise_f": 0.0,
    "bps_growth_f": 0.0,
    "piotroski_f": 0.0,
    "payout_f": 0.0,
    "accruals_f": 0.0,
    "edinet_hold_f": 0.0,
    "ret504": 0.02173183485865593,
    "trend_slope60": 0.014122525230050087,
    "trend_r2_60": 0.011440875940024853,
    "cs_ret5": 0.022774307057261467,
    "cs_ret20": 0.011410387232899666,
    "cs_ret60": 0.018923748284578323,
    "cs_rsi": 0.013800065964460373,
    "cs_vol20": 0.06238947808742523,
    "cs_pos52": 0.0338873453438282,
    "cs_sector_ret60": 0.0010870728874579072
  }
}