{
  "rise": {
    "ret5": 0.05897126346826553,
    "ret20": 0.006327299866825342,
    "ret60": 0.008023270405828953,
    "ret90": 0.005806605797261,
    "ma5_25": 0.007037421688437462,
    "ma25_75": 0.0051573202945292,
    "rsi": 0.004693940281867981,
    "vol20": 0.01694009266793728,
    "vol60": 0.017711585387587547,
    "pos52": 0.008861550129950047,
    "drawdown60": 0.005804840475320816,
    "from_hi52": 0.0054734209552407265,
    "down_streak": 0.005186728201806545,
    "momentum_accel": 0.020252767950296402,
    "ma_cross_dir": 0.004173096735030413,
    "vr520": 0.0039789117872715,
    "vr2060": 0.004024673253297806,
    "vsurge": 0.005404203198850155,
    "nk5": 0.0,
    "nk20": 0.0,
    "nk60": 0.0,
    "ac": 0.005164097994565964,
    "skew": 0.0036817884538322687,
    "max_ret": 0.011777544394135475,
    "min_ret": 0.008237829431891441,
    "pos_ratio": 0.005341042764484882,
    "trend_slope": 0.006246726494282484,
    "recent_vs_early": 0.005612198729068041,
    "rel5": 0.05725358799099922,
    "rel20": 0.006524522788822651,
    "rel60": 0.007907873950898647,
    "alpha_momentum": 0.019680533558130264,
    "per_feat": 0.0,
    "pbr_feat": 0.0,
    "roe_feat": 0.0,
    "earn_feat": 0.0,
    "div_ex_feat": 0.04732010141015053,
    "sin_month": 0.14997337758541107,
    "cos_month": 0.0204341821372509,
    "div_yield_f": 0.0,
    "eps_growth_f": 0.0,
    "dps_growth_f": 0.0,
    "vix_feat": 0.07244066148996353,
    "us5_f": 0.07236664742231369,
    "us20_f": 0.07764285802841187,
    "amihud_f": 0.008050869219005108,
    "fx_beta_f": 0.007199763786047697,
    "jpy5_f": 0.14096952974796295,
    "eps_surprise_f": 0.0,
    "bps_growth_f": 0.0,
    "piotroski_f": 0.0,
    "payout_f": 0.0,
    "accruals_f": 0.020357418805360794,
    "cs_ret5": 0.007090476807206869,
    "cs_ret20": 0.0073128631338477135,
    "cs_ret60": 0.005218734033405781,
    "cs_rsi": 0.004306735470890999,
    "cs_vol20": 0.014173484407365322,
    "cs_pos52": 0.009229383431375027,
    "cs_sector_ret60": 0.004656326491385698
  },
  "drop": {
    "ret5": 0.012775460258126259,
    "ret20": 0.015611818060278893,
    "ret60": 0.01068313792347908,
    "ret90": 0.016429485753178596,
    "ma5_25": 0.008469397202134132,
    "ma25_75": 0.01531507633626461,
    "rsi": 0.008949765004217625,
    "vol20": 0.044067975133657455,
    "vol60": 0.03870386257767677,
    "pos52": 0.016907069832086563,
    "drawdown60": 0.01446591317653656,
    "from_hi52": 0.02188801020383835,
    "down_streak": 0.010712512768805027,
    "momentum_accel": 0.008990551345050335,
    "ma_cross_dir": 0.006716173607856035,
    "vr520": 0.002870514988899231,
    "vr2060": 0.006512288469821215,
    "vsurge": 0.004053831100463867,
    "nk5": 0.0,
    "nk20": 0.0,
    "nk60": 0.0,
    "ac": 0.005303784739226103,
    "skew": 0.00860624574124813,
    "max_ret": 0.02512027695775032,
    "min_ret": 0.02057148888707161,
    "pos_ratio": 0.006203752011060715,
    "trend_slope": 0.017085129395127296,
    "recent_vs_early": 0.014627737924456596,
    "rel5": 0.008099300786852837,
    "rel20": 0.011866864748299122,
    "rel60": 0.007964213378727436,
    "alpha_momentum": 0.008198187686502934,
    "per_feat": 0.0,
    "pbr_feat": 0.0,
    "roe_feat": 0.0,
    "earn_feat": 0.0,
    "div_ex_feat": 0.05437835678458214,
    "sin_month": 0.05837855860590935,
    "cos_month": 0.02092892676591873,
    "div_yield_f": 0.0,
    "eps_growth_f": 0.0,
    "dps_growth_f": 0.0,
    "vix_feat": 0.06768501549959183,
    "us5_f": 0.04856731742620468,
    "us20_f": 0.07289610058069229,
    "amihud_f": 0.010796774178743362,
    "fx_beta_f": 0.008825433440506458,
    "jpy5_f": 0.10444881021976471,
    "eps_surprise_f": 0.0,
    "bps_growth_f": 0.0,
    "piotroski_f": 0.0,
    "payout_f": 0.0,
    "accruals_f": 0.016732795163989067,
    "cs_ret5": 0.007832194678485394,
    "cs_ret20": 0.006322706583887339,
    "cs_ret60": 0.01636461913585663,
    "cs_rsi": 0.0038033160381019115,
    "cs_vol20": 0.08545902371406555,
    "cs_pos52": 0.011097822338342667,
    "cs_sector_ret60": 0.007712444756180048
  }
}