{
  "rise": {
    "ret5": 0.012977753765881062,
    "ret20": 0.014265856705605984,
    "ret60": 0.016365107148885727,
    "ret90": 0.020035840570926666,
    "ma5_25": 0.019044244661927223,
    "ma25_75": 0.014517424628138542,
    "rsi": 0.012817472219467163,
    "vol20": 0.03731362149119377,
    "vol60": 0.05097086355090141,
    "pos52": 0.03104773350059986,
    "drawdown60": 0.013273182325065136,
    "from_hi52": 0.022301174700260162,
    "down_streak": 0.012055786326527596,
    "momentum_accel": 0.014509634114801884,
    "ma_cross_dir": 0.016288619488477707,
    "vr520": 0.01706170290708542,
    "vr2060": 0.015391466207802296,
    "vsurge": 0.02275695651769638,
    "nk5": 0.10978122055530548,
    "nk20": 0.08637280762195587,
    "nk60": 0.13705141842365265,
    "ac": 0.013219449669122696,
    "skew": 0.014994812197983265,
    "max_ret": 0.035972341895103455,
    "min_ret": 0.021886130794882774,
    "pos_ratio": 0.01707562617957592,
    "trend_slope": 0.015184387564659119,
    "recent_vs_early": 0.015353171154856682,
    "cs_ret5": 0.012811088003218174,
    "cs_ret20": 0.015278679318726063,
    "cs_ret60": 0.014208686538040638,
    "cs_rsi": 0.014321803115308285,
    "cs_vol20": 0.08834798634052277,
    "cs_pos52": 0.025145916268229485
  },
  "drop": {
    "ret5": 0.009966212324798107,
    "ret20": 0.01337488368153572,
    "ret60": 0.01164346281439066,
    "ret90": 0.012800652533769608,
    "ma5_25": 0.012361438013613224,
    "ma25_75": 0.012898613698780537,
    "rsi": 0.008351583033800125,
    "vol20": 0.10398366302251816,
    "vol60": 0.10655885189771652,
    "pos52": 0.02103860303759575,
    "drawdown60": 0.009461062960326672,
    "from_hi52": 0.036123067140579224,
    "down_streak": 0.006013181991875172,
    "momentum_accel": 0.007822197861969471,
    "ma_cross_dir": 0.007885415107011795,
    "vr520": 0.010593312792479992,
    "vr2060": 0.012250597588717937,
    "vsurge": 0.007723948918282986,
    "nk5": 0.10063327103853226,
    "nk20": 0.11254008859395981,
    "nk60": 0.1484197974205017,
    "ac": 0.008328995667397976,
    "skew": 0.009556569159030914,
    "max_ret": 0.02971022203564644,
    "min_ret": 0.009851312264800072,
    "pos_ratio": 0.009516834281384945,
    "trend_slope": 0.012092397548258305,
    "recent_vs_early": 0.012810762971639633,
    "cs_ret5": 0.014556720852851868,
    "cs_ret20": 0.01743277907371521,
    "cs_ret60": 0.017835654318332672,
    "cs_rsi": 0.010383490473031998,
    "cs_vol20": 0.05173003673553467,
    "cs_pos52": 0.023750334978103638
  }
}