{
  "drop": {
    "ret5": 0.00911630131304264,
    "ret20": 0.011117908172309399,
    "ret60": 0.016763953492045403,
    "ret90": 0.020648257806897163,
    "ma5_25": 0.01566004380583763,
    "ma25_75": 0.011894120834767818,
    "rsi": 0.011697114445269108,
    "vol20": 0.01685265637934208,
    "vol60": 0.11759412288665771,
    "pos52": 0.009196121245622635,
    "drawdown60": 0.019422786310315132,
    "from_hi52": 0.03544655069708824,
    "down_streak": 0.009210329502820969,
    "momentum_accel": 0.0077217682264745235,
    "ma_cross_dir": 0.013010132126510143,
    "vr520": 0.011589568108320236,
    "vr2060": 0.012814871035516262,
    "vsurge": 0.010522935539484024,
    "nk5": 0.01897333934903145,
    "nk20": 0.015041151084005833,
    "nk60": 0.016170891001820564,
    "ac": 0.011552789248526096,
    "skew": 0.012162766419351101,
    "max_ret": 0.023632878437638283,
    "min_ret": 0.014129813760519028,
    "pos_ratio": 0.011158243753015995,
    "trend_slope": 0.01136518269777298,
    "recent_vs_early": 0.013037512078881264,
    "rel5": 0.009172278456389904,
    "rel20": 0.013266279362142086,
    "rel60": 0.012563930824398994,
    "alpha_momentum": 0.01261677872389555,
    "per_feat": 0.01142923440784216,
    "pbr_feat": 0.05198987200856209,
    "roe_feat": 0.016506211832165718,
    "earn_feat": 0.0,
    "div_ex_feat": 0.017149828374385834,
    "sin_month": 0.019391434267163277,
    "cos_month": 0.0,
    "div_yield_f": 0.02930801920592785,
    "eps_growth_f": 0.013214592821896076,
    "dps_growth_f": 0.01921953447163105,
    "vix_feat": 0.008930278941988945,
    "us5_f": 0.007463688962161541,
    "us20_f": 0.0,
    "amihud_f": 0.012004433199763298,
    "fx_beta_f": 0.009117391891777515,
    "jpy5_f": 0.015523724257946014,
    "eps_surprise_f": 0.013758748769760132,
    "bps_growth_f": 0.011976256966590881,
    "piotroski_f": 0.008835193701088428,
    "payout_f": 0.01032198779284954,
    "accruals_f": 0.010823010466992855,
    "edinet_hold_f": 0.0,
    "ret504": 0.015264872461557388,
    "trend_slope60": 0.014065446332097054,
    "trend_r2_60": 0.009465227834880352,
    "cfo_margin_f": 0.0,
    "leverage_f": 0.0,
    "op_margin_f": 0.0,
    "equity_ratio_f": 0.0,
    "sales_growth_f": 0.0,
    "frev_f": 0.0,
    "cs_ret5": 0.012637216597795486,
    "cs_ret20": 0.014060874469578266,
    "cs_ret60": 0.020275769755244255,
    "cs_rsi": 0.009793478064239025,
    "cs_vol20": 0.028572022914886475,
    "cs_pos52": 0.0207997914403677,
    "cs_sector_ret60": 0.012978474609553814
  }
}