{
  "drop": {
    "ret5": 0.010734309442341328,
    "ret20": 0.01201329380273819,
    "ret60": 0.014330515637993813,
    "ret90": 0.021027792245149612,
    "ma5_25": 0.0156543031334877,
    "ma25_75": 0.012512472458183765,
    "rsi": 0.012014715000987053,
    "vol20": 0.015605363063514233,
    "vol60": 0.11556611210107803,
    "pos52": 0.011975033208727837,
    "drawdown60": 0.02515791915357113,
    "from_hi52": 0.03294544667005539,
    "down_streak": 0.0097483079880476,
    "momentum_accel": 0.00909709557890892,
    "ma_cross_dir": 0.013732772320508957,
    "vr520": 0.011403080075979233,
    "vr2060": 0.011740952730178833,
    "vsurge": 0.010080709122121334,
    "nk5": 0.01873551681637764,
    "nk20": 0.015129510313272476,
    "nk60": 0.015921596437692642,
    "ac": 0.011857109144330025,
    "skew": 0.011501391418278217,
    "max_ret": 0.019562991335988045,
    "min_ret": 0.015058262273669243,
    "pos_ratio": 0.01120271161198616,
    "trend_slope": 0.011319569312036037,
    "recent_vs_early": 0.01273711770772934,
    "rel5": 0.011002629064023495,
    "rel20": 0.011903215199708939,
    "rel60": 0.01586284674704075,
    "alpha_momentum": 0.011817188933491707,
    "per_feat": 0.012455415911972523,
    "pbr_feat": 0.05575583130121231,
    "roe_feat": 0.017304081469774246,
    "div_ex_feat": 0.016772054135799408,
    "sin_month": 0.020708318799734116,
    "div_yield_f": 0.03557642176747322,
    "eps_growth_f": 0.01382669061422348,
    "dps_growth_f": 0.018494775518774986,
    "vix_feat": 0.017672324553132057,
    "amihud_f": 0.01283918134868145,
    "fx_beta_f": 0.009897632524371147,
    "eps_surprise_f": 0.014904319308698177,
    "bps_growth_f": 0.014013619162142277,
    "piotroski_f": 0.01008510123938322,
    "payout_f": 0.012854814529418945,
    "accruals_f": 0.01155154500156641,
    "trend_slope60": 0.012607008218765259,
    "trend_r2_60": 0.010620605200529099,
    "cs_ret5": 0.011696258559823036,
    "cs_ret20": 0.013689751736819744,
    "cs_ret60": 0.022013956680893898,
    "cs_rsi": 0.011483408510684967,
    "cs_vol20": 0.03201828524470329,
    "cs_pos52": 0.01770356297492981,
    "cs_sector_ret60": 0.014503221958875656
  }
}