{
  "rise": {
    "ret5": 0.0567445270717144,
    "ret20": 0.009272119030356407,
    "ret60": 0.008991501294076443,
    "ret90": 0.008688178844749928,
    "ma5_25": 0.00854158028960228,
    "ma25_75": 0.006958869751542807,
    "rsi": 0.007515749894082546,
    "vol20": 0.018977990373969078,
    "vol60": 0.020214935764670372,
    "pos52": 0.009337825700640678,
    "drawdown60": 0.008474811911582947,
    "from_hi52": 0.00864323228597641,
    "down_streak": 0.007738270331174135,
    "momentum_accel": 0.013043791055679321,
    "ma_cross_dir": 0.007248390931636095,
    "vr520": 0.007568621542304754,
    "vr2060": 0.008272104896605015,
    "vsurge": 0.00812941137701273,
    "nk5": 0.0,
    "nk20": 0.0,
    "nk60": 0.0,
    "ac": 0.008647936396300793,
    "skew": 0.0067510162480175495,
    "max_ret": 0.01077636331319809,
    "min_ret": 0.009687290526926517,
    "pos_ratio": 0.0075056953355669975,
    "trend_slope": 0.009213222190737724,
    "recent_vs_early": 0.008506109938025475,
    "rel5": 0.0448482371866703,
    "rel20": 0.008369657211005688,
    "rel60": 0.009647052735090256,
    "alpha_momentum": 0.008361141197383404,
    "per_feat": 0.007378856651484966,
    "pbr_feat": 0.011964312754571438,
    "roe_feat": 0.011301109567284584,
    "earn_feat": 0.0,
    "div_ex_feat": 0.051058243960142136,
    "sin_month": 0.05008269473910332,
    "cos_month": 0.013645466417074203,
    "div_yield_f": 0.011055135168135166,
    "eps_growth_f": 0.0,
    "dps_growth_f": 0.0,
    "vix_feat": 0.04472334682941437,
    "us5_f": 0.06957025080919266,
    "us20_f": 0.08882129937410355,
    "amihud_f": 0.01080005057156086,
    "fx_beta_f": 0.008730174042284489,
    "jpy5_f": 0.17801962792873383,
    "eps_surprise_f": 0.0066212317906320095,
    "bps_growth_f": 0.0,
    "piotroski_f": 0.0,
    "payout_f": 0.008109338581562042,
    "accruals_f": 0.005677447188645601,
    "edinet_hold_f": 0.0,
    "ret504": 0.009402358904480934,
    "trend_slope60": 0.00892104022204876,
    "trend_r2_60": 0.007282208651304245,
    "cs_ret5": 0.008448522537946701,
    "cs_ret20": 0.013460518792271614,
    "cs_ret60": 0.010601572692394257,
    "cs_rsi": 0.007649523206055164
  },
  "drop": {
    "ret5": 0.011199857108294964,
    "ret20": 0.012398210354149342,
    "ret60": 0.011862499639391899,
    "ret90": 0.016527963802218437,
    "ma5_25": 0.010968885384500027,
    "ma25_75": 0.010863814502954483,
    "rsi": 0.011385375633835793,
    "vol20": 0.022656874731183052,
    "vol60": 0.02945042960345745,
    "pos52": 0.013878374360501766,
    "drawdown60": 0.011442030780017376,
    "from_hi52": 0.0203416645526886,
    "down_streak": 0.011361179873347282,
    "momentum_accel": 0.011280613020062447,
    "ma_cross_dir": 0.010259157977998257,
    "vr520": 0.01014483068138361,
    "vr2060": 0.010461944155395031,
    "vsurge": 0.010526550002396107,
    "nk5": 0.0,
    "nk20": 0.0,
    "nk60": 0.0,
    "ac": 0.00977312307804823,
    "skew": 0.010457491502165794,
    "max_ret": 0.01443986501544714,
    "min_ret": 0.011020145379006863,
    "pos_ratio": 0.010243239812552929,
    "trend_slope": 0.0129644013941288,
    "recent_vs_early": 0.012016155757009983,
    "rel5": 0.01167797390371561,
    "rel20": 0.0122234420850873,
    "rel60": 0.012380401603877544,
    "alpha_momentum": 0.013329293578863144,
    "per_feat": 0.012150679714977741,
    "pbr_feat": 0.011178710497915745,
    "roe_feat": 0.012358852662146091,
    "earn_feat": 0.0,
    "div_ex_feat": 0.05628462880849838,
    "sin_month": 0.08422455191612244,
    "cos_month": 0.018265485763549805,
    "div_yield_f": 0.01733827404677868,
    "eps_growth_f": 0.0,
    "dps_growth_f": 0.0,
    "vix_feat": 0.038981836289167404,
    "us5_f": 0.03409832715988159,
    "us20_f": 0.0414360947906971,
    "amihud_f": 0.013441032730042934,
    "fx_beta_f": 0.011835652403533459,
    "jpy5_f": 0.10294308513402939,
    "eps_surprise_f": 0.010532918386161327,
    "bps_growth_f": 0.0,
    "piotroski_f": 0.0,
    "payout_f": 0.01168550830334425,
    "accruals_f": 0.010370392352342606,
    "edinet_hold_f": 0.010235555469989777,
    "ret504": 0.010395701043307781,
    "trend_slope60": 0.01041229348629713,
    "trend_r2_60": 0.010684804990887642,
    "cs_ret5": 0.010228953324258327,
    "cs_ret20": 0.058930184692144394,
    "cs_ret60": 0.013705815188586712,
    "cs_rsi": 0.01074484083801508
  }
}