{
  "rise": {
    "ret5": 0.008468064479529858,
    "ret20": 0.012119458056986332,
    "ret60": 0.009370816871523857,
    "ret90": 0.009414912201464176,
    "ma5_25": 0.02007748931646347,
    "ma25_75": 0.0071132006123661995,
    "rsi": 0.008739052340388298,
    "vol20": 0.036014433950185776,
    "vol60": 0.05443227291107178,
    "pos52": 0.014076425693929195,
    "drawdown60": 0.008084462024271488,
    "from_hi52": 0.012997494079172611,
    "down_streak": 0.007186233066022396,
    "momentum_accel": 0.006025327369570732,
    "ma_cross_dir": 0.0067323497496545315,
    "vr520": 0.007784124929457903,
    "vr2060": 0.00890584196895361,
    "vsurge": 0.008285761810839176,
    "nk5": 0.023665662854909897,
    "nk20": 0.04193544387817383,
    "nk60": 0.11586318165063858,
    "ac": 0.006768399383872747,
    "skew": 0.008592476136982441,
    "max_ret": 0.0404253713786602,
    "min_ret": 0.01967296376824379,
    "pos_ratio": 0.010645809583365917,
    "trend_slope": 0.009299260564148426,
    "recent_vs_early": 0.01041637733578682,
    "rel5": 0.00836473423987627,
    "rel20": 0.013643387705087662,
    "rel60": 0.008187476545572281,
    "alpha_momentum": 0.00717236939817667,
    "per_feat": 0.012286423705518246,
    "pbr_feat": 0.010984022170305252,
    "roe_feat": 0.010019953362643719,
    "earn_feat": 0.00935183372348547,
    "div_ex_feat": 0.02627323754131794,
    "sin_month": 0.015759164467453957,
    "cos_month": 0.022162025794386864,
    "div_yield_f": 0.00918520800769329,
    "eps_growth_f": 0.009044853039085865,
    "dps_growth_f": 0.007708403281867504,
    "vix_feat": 0.028855493292212486,
    "us5_f": 0.04150235652923584,
    "us20_f": 0.04382668808102608,
    "amihud_f": 0.012003328651189804,
    "fx_beta_f": 0.006381936836987734,
    "jpy5_f": 0.028498895466327667,
    "eps_surprise_f": 0.009319090284407139,
    "bps_growth_f": 0.01640385203063488,
    "piotroski_f": 0.009701766073703766,
    "payout_f": 0.012759216129779816,
    "accruals_f": 0.008180993609130383,
    "cs_ret5": 0.006397536490112543,
    "cs_ret20": 0.006604337133467197,
    "cs_ret60": 0.007730795070528984,
    "cs_rsi": 0.007448718883097172,
    "cs_vol20": 0.03261397406458855,
    "cs_pos52": 0.01198666077107191,
    "cs_sector_ret60": 0.006528673693537712
  },
  "drop": {
    "ret5": 0.008688349276781082,
    "ret20": 0.008889657445251942,
    "ret60": 0.011164860799908638,
    "ret90": 0.01466709841042757,
    "ma5_25": 0.009327687323093414,
    "ma25_75": 0.008998640812933445,
    "rsi": 0.00813833437860012,
    "vol20": 0.04418380931019783,
    "vol60": 0.10568241029977798,
    "pos52": 0.012909149751067162,
    "drawdown60": 0.010284453630447388,
    "from_hi52": 0.02842257171869278,
    "down_streak": 0.007117138244211674,
    "momentum_accel": 0.00968013796955347,
    "ma_cross_dir": 0.008096727542579174,
    "vr520": 0.010026250965893269,
    "vr2060": 0.01154131256043911,
    "vsurge": 0.008723326958715916,
    "nk5": 0.01421047281473875,
    "nk20": 0.016743894666433334,
    "nk60": 0.02714848704636097,
    "ac": 0.008775420486927032,
    "skew": 0.007998649030923843,
    "max_ret": 0.03712078928947449,
    "min_ret": 0.01955122873187065,
    "pos_ratio": 0.007660903036594391,
    "trend_slope": 0.011319592595100403,
    "recent_vs_early": 0.01089016254991293,
    "rel5": 0.009446588344871998,
    "rel20": 0.009402316994965076,
    "rel60": 0.013421823270618916,
    "alpha_momentum": 0.010561077855527401,
    "per_feat": 0.016752801835536957,
    "pbr_feat": 0.013906358741223812,
    "roe_feat": 0.0087174316868186,
    "earn_feat": 0.011438515037298203,
    "div_ex_feat": 0.037043873220682144,
    "sin_month": 0.016056587919592857,
    "cos_month": 0.025433795526623726,
    "div_yield_f": 0.02871597371995449,
    "eps_growth_f": 0.010467632673680782,
    "dps_growth_f": 0.00802956148982048,
    "vix_feat": 0.021623848006129265,
    "us5_f": 0.016797494143247604,
    "us20_f": 0.017350494861602783,
    "amihud_f": 0.014858965761959553,
    "fx_beta_f": 0.008592549711465836,
    "jpy5_f": 0.014444144442677498,
    "eps_surprise_f": 0.008988418616354465,
    "bps_growth_f": 0.008532523177564144,
    "piotroski_f": 0.009427608922123909,
    "payout_f": 0.02883201651275158,
    "accruals_f": 0.008890897035598755,
    "cs_ret5": 0.009932426735758781,
    "cs_ret20": 0.010720890015363693,
    "cs_ret60": 0.010658301413059235,
    "cs_rsi": 0.009015878662467003,
    "cs_vol20": 0.0682913288474083,
    "cs_pos52": 0.01386667974293232,
    "cs_sector_ret60": 0.011819636449217796
  }
}