{
  "rise": {
    "ret5": 0.008242953568696976,
    "ret20": 0.012174345552921295,
    "ret60": 0.009195084683597088,
    "ret90": 0.009394071996212006,
    "ma5_25": 0.01973976381123066,
    "ma25_75": 0.007319003809243441,
    "rsi": 0.008820994757115841,
    "vol20": 0.036676451563835144,
    "vol60": 0.05423467606306076,
    "pos52": 0.014137576334178448,
    "drawdown60": 0.008549771271646023,
    "from_hi52": 0.012799791991710663,
    "down_streak": 0.007136912550777197,
    "momentum_accel": 0.006207768339663744,
    "ma_cross_dir": 0.006829662248492241,
    "vr520": 0.007820715196430683,
    "vr2060": 0.008862101472914219,
    "vsurge": 0.008101258426904678,
    "nk5": 0.023448165506124496,
    "nk20": 0.041735198348760605,
    "nk60": 0.1136462464928627,
    "ac": 0.006677753757685423,
    "skew": 0.008591380901634693,
    "max_ret": 0.04094767943024635,
    "min_ret": 0.019717318937182426,
    "pos_ratio": 0.011018205434083939,
    "trend_slope": 0.009349332191050053,
    "recent_vs_early": 0.010790236294269562,
    "rel5": 0.008431227877736092,
    "rel20": 0.013868610374629498,
    "rel60": 0.008120185695588589,
    "alpha_momentum": 0.007032355759292841,
    "per_feat": 0.012307384982705116,
    "pbr_feat": 0.010846467688679695,
    "roe_feat": 0.009983028285205364,
    "earn_feat": 0.0093467952683568,
    "div_ex_feat": 0.026513628661632538,
    "sin_month": 0.015462810173630714,
    "cos_month": 0.02235582284629345,
    "div_yield_f": 0.009036185219883919,
    "eps_growth_f": 0.009118234738707542,
    "dps_growth_f": 0.00779315922409296,
    "vix_feat": 0.028692858293652534,
    "us5_f": 0.04153049364686012,
    "us20_f": 0.04443052411079407,
    "amihud_f": 0.011828946880996227,
    "fx_beta_f": 0.006412506103515625,
    "jpy5_f": 0.02906711958348751,
    "eps_surprise_f": 0.009325338527560234,
    "bps_growth_f": 0.016392381861805916,
    "piotroski_f": 0.009883785620331764,
    "payout_f": 0.012899975292384624,
    "accruals_f": 0.008213992230594158,
    "cs_ret5": 0.006377191748470068,
    "cs_ret20": 0.006610994692891836,
    "cs_ret60": 0.007637703325599432,
    "cs_rsi": 0.007493137381970882,
    "cs_vol20": 0.03223476558923721,
    "cs_pos52": 0.012023459188640118,
    "cs_sector_ret60": 0.006564516108483076
  },
  "drop": {
    "ret5": 0.008751094341278076,
    "ret20": 0.00875888206064701,
    "ret60": 0.011265328153967857,
    "ret90": 0.01448801625519991,
    "ma5_25": 0.009565521031618118,
    "ma25_75": 0.008909783326089382,
    "rsi": 0.008273614570498466,
    "vol20": 0.04431384056806564,
    "vol60": 0.10591118037700653,
    "pos52": 0.013073724694550037,
    "drawdown60": 0.010385149158537388,
    "from_hi52": 0.028711475431919098,
    "down_streak": 0.007042585872113705,
    "momentum_accel": 0.00935909990221262,
    "ma_cross_dir": 0.008084598928689957,
    "vr520": 0.010022799484431744,
    "vr2060": 0.011218369007110596,
    "vsurge": 0.008225888945162296,
    "nk5": 0.014524846337735653,
    "nk20": 0.01658307947218418,
    "nk60": 0.027022480964660645,
    "ac": 0.008741737343370914,
    "skew": 0.008108175359666348,
    "max_ret": 0.03670947253704071,
    "min_ret": 0.01987193524837494,
    "pos_ratio": 0.007609953172504902,
    "trend_slope": 0.01134854182600975,
    "recent_vs_early": 0.010776948183774948,
    "rel5": 0.00924901943653822,
    "rel20": 0.00930145476013422,
    "rel60": 0.013624271377921104,
    "alpha_momentum": 0.01078711822628975,
    "per_feat": 0.01666634902358055,
    "pbr_feat": 0.014727196656167507,
    "roe_feat": 0.008106387220323086,
    "earn_feat": 0.011315359733998775,
    "div_ex_feat": 0.037243932485580444,
    "sin_month": 0.01578361727297306,
    "cos_month": 0.025555476546287537,
    "div_yield_f": 0.0286389272660017,
    "eps_growth_f": 0.010238359682261944,
    "dps_growth_f": 0.007903991267085075,
    "vix_feat": 0.021112702786922455,
    "us5_f": 0.01676652580499649,
    "us20_f": 0.01714128814637661,
    "amihud_f": 0.01480791438370943,
    "fx_beta_f": 0.008423575200140476,
    "jpy5_f": 0.014440314844250679,
    "eps_surprise_f": 0.009431542828679085,
    "bps_growth_f": 0.008448426611721516,
    "piotroski_f": 0.00950844120234251,
    "payout_f": 0.028885062783956528,
    "accruals_f": 0.008854473941028118,
    "cs_ret5": 0.009810485877096653,
    "cs_ret20": 0.010683969594538212,
    "cs_ret60": 0.01075771078467369,
    "cs_rsi": 0.008727987296879292,
    "cs_vol20": 0.06976215541362762,
    "cs_pos52": 0.013784676790237427,
    "cs_sector_ret60": 0.011853236705064774
  }
}