{
  "rise": {
    "ret5": 0.010061828419566154,
    "ret20": 0.01653115078806877,
    "ret60": 0.02063657157123089,
    "ret90": 0.005342853255569935,
    "ma5_25": 0.02856118232011795,
    "ma25_75": 0.016574963927268982,
    "rsi": 0.004572208505123854,
    "vol20": 0.08760562539100647,
    "vol60": 0.09184650331735611,
    "pos52": 0.009134816937148571,
    "drawdown60": 0.007667147554457188,
    "from_hi52": 0.005436436738818884,
    "down_streak": 0.010530783794820309,
    "momentum_accel": 0.006869758944958448,
    "ma_cross_dir": 0.044960442930459976,
    "vr520": 0.0072801182977855206,
    "vr2060": 0.0038729021325707436,
    "vsurge": 0.008108756504952908,
    "nk5": 0.04973399266600609,
    "nk20": 0.05024067312479019,
    "nk60": 0.08843587338924408,
    "ac": 0.0037889506202191114,
    "skew": 0.009245538152754307,
    "max_ret": 0.03527437523007393,
    "min_ret": 0.01795778051018715,
    "pos_ratio": 0.005466050934046507,
    "trend_slope": 0.006963581778109074,
    "recent_vs_early": 0.008912202902138233,
    "rel5": 0.015907276421785355,
    "rel20": 0.011129042133688927,
    "rel60": 0.024409066885709763,
    "alpha_momentum": 0.005134765524417162,
    "per_feat": 0.009729555808007717,
    "pbr_feat": 0.03979436680674553,
    "roe_feat": 0.0,
    "earn_feat": 0.011109731160104275,
    "div_ex_feat": 0.027546990662813187,
    "yutai_ex_feat": 0.0,
    "sin_month": 0.04276217147707939,
    "cos_month": 0.022678187116980553,
    "div_yield_f": 0.007747611962258816,
    "cs_ret5": 0.00775799248367548,
    "cs_ret20": 0.009266965091228485,
    "cs_ret60": 0.005911266431212425,
    "cs_rsi": 0.005044605117291212,
    "cs_vol20": 0.08583633601665497,
    "cs_pos52": 0.00662109162658453
  },
  "drop": {
    "ret5": 0.009836207143962383,
    "ret20": 0.012319130823016167,
    "ret60": 0.011163640767335892,
    "ret90": 0.022489169612526894,
    "ma5_25": 0.012469424866139889,
    "ma25_75": 0.010235924273729324,
    "rsi": 0.007529669441282749,
    "vol20": 0.034329671412706375,
    "vol60": 0.11127232760190964,
    "pos52": 0.009148250333964825,
    "drawdown60": 0.011534491553902626,
    "from_hi52": 0.02437886781990528,
    "down_streak": 0.008297931402921677,
    "momentum_accel": 0.0047401790507137775,
    "ma_cross_dir": 0.012258760631084442,
    "vr520": 0.009043056517839432,
    "vr2060": 0.009021474979817867,
    "vsurge": 0.008025549352169037,
    "nk5": 0.030241940170526505,
    "nk20": 0.027433928102254868,
    "nk60": 0.03674352541565895,
    "ac": 0.007065759971737862,
    "skew": 0.005350552499294281,
    "max_ret": 0.06816896051168442,
    "min_ret": 0.02721407450735569,
    "pos_ratio": 0.006230754777789116,
    "trend_slope": 0.017611205577850342,
    "recent_vs_early": 0.01836530864238739,
    "rel5": 0.011199110187590122,
    "rel20": 0.015451514162123203,
    "rel60": 0.011635925620794296,
    "alpha_momentum": 0.005118427332490683,
    "per_feat": 0.0167015939950943,
    "pbr_feat": 0.011380643583834171,
    "roe_feat": 0.004907179158180952,
    "earn_feat": 0.025886524468660355,
    "div_ex_feat": 0.032232627272605896,
    "yutai_ex_feat": 0.0,
    "sin_month": 0.04309298098087311,
    "cos_month": 0.0391574427485466,
    "div_yield_f": 0.03607340157032013,
    "cs_ret5": 0.008540310896933079,
    "cs_ret20": 0.009976005181670189,
    "cs_ret60": 0.012278089299798012,
    "cs_rsi": 0.005350269842892885,
    "cs_vol20": 0.13068749010562897,
    "cs_pos52": 0.007810620125383139
  },
  "alpha_rise": {
    "ret5": 0.0073717632330954075,
    "ret20": 0.014557070098817348,
    "ret60": 0.016998102888464928,
    "ret90": 0.013427622616291046,
    "ma5_25": 0.011732474900782108,
    "ma25_75": 0.009687411598861217,
    "rsi": 0.01436978206038475,
    "vol20": 0.024075036868453026,
    "vol60": 0.03150113299489021,
    "pos52": 0.013478721491992474,
    "drawdown60": 0.020244944840669632,
    "from_hi52": 0.019945062696933746,
    "down_streak": 0.0038850554265081882,
    "momentum_accel": 0.004725273232907057,
    "ma_cross_dir": 0.008708982728421688,
    "vr520": 0.004999553319066763,
    "vr2060": 0.00404220400378108,
    "vsurge": 0.005117214284837246,
    "nk5": 0.09314785897731781,
    "nk20": 0.0634920746088028,
    "nk60": 0.0738716721534729,
    "ac": 0.0046608662232756615,
    "skew": 0.00929781049489975,
    "max_ret": 0.026591364294290543,
    "min_ret": 0.013415438123047352,
    "pos_ratio": 0.0037717462982982397,
    "trend_slope": 0.014137438498437405,
    "recent_vs_early": 0.007926278747618198,
    "rel5": 0.011550020426511765,
    "rel20": 0.01573994569480419,
    "rel60": 0.015169314108788967,
    "alpha_momentum": 0.009579774923622608,
    "per_feat": 0.006381750572472811,
    "pbr_feat": 0.015082222409546375,
    "roe_feat": 0.010316766798496246,
    "earn_feat": 0.04204341024160385,
    "div_ex_feat": 0.09377149492502213,
    "yutai_ex_feat": 0.0,
    "sin_month": 0.06345224380493164,
    "cos_month": 0.07156973332166672,
    "div_yield_f": 0.012367230840027332,
    "cs_ret5": 0.009670238941907883,
    "cs_ret20": 0.015184959396719933,
    "cs_ret60": 0.01230486761778593,
    "cs_rsi": 0.00607370724901557,
    "cs_vol20": 0.039301592856645584,
    "cs_pos52": 0.011260702274739742
  },
  "alpha_drop": {
    "ret5": 0.007355876732617617,
    "ret20": 0.007710404694080353,
    "ret60": 0.012586107477545738,
    "ret90": 0.01484001986682415,
    "ma5_25": 0.01162133738398552,
    "ma25_75": 0.002117767697200179,
    "rsi": 0.005413562059402466,
    "vol20": 0.03656231611967087,
    "vol60": 0.06276874244213104,
    "pos52": 0.006659960374236107,
    "drawdown60": 0.009889303706586361,
    "from_hi52": 0.019602149724960327,
    "down_streak": 0.005217146128416061,
    "momentum_accel": 0.006950552109628916,
    "ma_cross_dir": 0.008626789785921574,
    "vr520": 0.002943099942058325,
    "vr2060": 0.007455053739249706,
    "vsurge": 0.006906318943947554,
    "nk5": 0.07677959650754929,
    "nk20": 0.08592431247234344,
    "nk60": 0.09943507611751556,
    "ac": 0.003044258803129196,
    "skew": 0.004872969817370176,
    "max_ret": 0.039133548736572266,
    "min_ret": 0.02648809179663658,
    "pos_ratio": 0.002771722851321101,
    "trend_slope": 0.006733367685228586,
    "recent_vs_early": 0.0046758041717112064,
    "rel5": 0.009639257565140724,
    "rel20": 0.011371240951120853,
    "rel60": 0.009595784358680248,
    "alpha_momentum": 0.00875996332615614,
    "per_feat": 0.01469187531620264,
    "pbr_feat": 0.018569163978099823,
    "roe_feat": 0.009323968552052975,
    "earn_feat": 0.03567209094762802,
    "div_ex_feat": 0.09456273168325424,
    "yutai_ex_feat": 0.0,
    "sin_month": 0.04364185780286789,
    "cos_month": 0.04170732945203781,
    "div_yield_f": 0.027666619047522545,
    "cs_ret5": 0.014623485505580902,
    "cs_ret20": 0.01716785505414009,
    "cs_ret60": 0.004786258097738028,
    "cs_rsi": 0.004840478301048279,
    "cs_vol20": 0.04226626828312874,
    "cs_pos52": 0.00602842727676034
  }
}