{
  "rise": {
    "ret5": 0.05956198647618294,
    "ret20": 0.007036070339381695,
    "ret60": 0.0059809572994709015,
    "ret90": 0.00495940912514925,
    "ma5_25": 0.006040798034518957,
    "ma25_75": 0.0039228107780218124,
    "rsi": 0.004515588749200106,
    "vol20": 0.015787148848176003,
    "vol60": 0.016229761764407158,
    "pos52": 0.00800977274775505,
    "drawdown60": 0.003095516934990883,
    "from_hi52": 0.004005896393209696,
    "down_streak": 0.004531881771981716,
    "momentum_accel": 0.024178987368941307,
    "ma_cross_dir": 0.0026137225795537233,
    "vr520": 0.003762421663850546,
    "vr2060": 0.002772434614598751,
    "vsurge": 0.004868405871093273,
    "nk5": 0.0,
    "nk20": 0.0,
    "nk60": 0.0,
    "ac": 0.0038691582158207893,
    "skew": 0.0026320398319512606,
    "max_ret": 0.009906456805765629,
    "min_ret": 0.006605223286896944,
    "pos_ratio": 0.005628240294754505,
    "trend_slope": 0.005418798886239529,
    "recent_vs_early": 0.004280621185898781,
    "rel5": 0.06372957676649094,
    "rel20": 0.00604077847674489,
    "rel60": 0.00614849803969264,
    "alpha_momentum": 0.022667866200208664,
    "per_feat": 0.001658426015637815,
    "pbr_feat": 0.009452518075704575,
    "roe_feat": 0.017124682664871216,
    "earn_feat": 0.0,
    "div_ex_feat": 0.08173634856939316,
    "sin_month": 0.12261693179607391,
    "cos_month": 0.01687031425535679,
    "div_yield_f": 0.008926996029913425,
    "eps_growth_f": 0.0,
    "dps_growth_f": 0.0,
    "vix_feat": 0.06412787735462189,
    "us5_f": 0.07071990519762039,
    "us20_f": 0.07707912474870682,
    "amihud_f": 0.007232475560158491,
    "fx_beta_f": 0.005344649776816368,
    "jpy5_f": 0.15306596457958221,
    "eps_surprise_f": 0.0,
    "bps_growth_f": 0.0,
    "piotroski_f": 0.0,
    "payout_f": 0.0,
    "accruals_f": 0.00037783588049933314,
    "edinet_hold_f": 0.0,
    "cs_ret5": 0.005800643004477024,
    "cs_ret20": 0.006869334727525711,
    "cs_ret60": 0.004137231037020683,
    "cs_rsi": 0.0034481247421354055,
    "cs_vol20": 0.01263781264424324,
    "cs_pos52": 0.008168172091245651,
    "cs_sector_ret60": 0.003803741652518511
  },
  "drop": {
    "ret5": 0.008927077986299992,
    "ret20": 0.01802065223455429,
    "ret60": 0.011437883600592613,
    "ret90": 0.015517898835241795,
    "ma5_25": 0.007647572550922632,
    "ma25_75": 0.01341860182583332,
    "rsi": 0.006268655881285667,
    "vol20": 0.04177074134349823,
    "vol60": 0.03434770554304123,
    "pos52": 0.014083475805819035,
    "drawdown60": 0.01852055825293064,
    "from_hi52": 0.018786290660500526,
    "down_streak": 0.00549745000898838,
    "momentum_accel": 0.009869751520454884,
    "ma_cross_dir": 0.005227314308285713,
    "vr520": 0.002370646921917796,
    "vr2060": 0.0074675739742815495,
    "vsurge": 0.0040590278804302216,
    "nk5": 0.0,
    "nk20": 0.0,
    "nk60": 0.0,
    "ac": 0.003600657219067216,
    "skew": 0.007839864119887352,
    "max_ret": 0.01641632430255413,
    "min_ret": 0.012705456465482712,
    "pos_ratio": 0.006562987342476845,
    "trend_slope": 0.016957078129053116,
    "recent_vs_early": 0.015211387537419796,
    "rel5": 0.011177942156791687,
    "rel20": 0.013668175786733627,
    "rel60": 0.00972080510109663,
    "alpha_momentum": 0.007919324561953545,
    "per_feat": 0.007260311394929886,
    "pbr_feat": 0.0044705853797495365,
    "roe_feat": 0.02100677788257599,
    "earn_feat": 0.0,
    "div_ex_feat": 0.06574362516403198,
    "sin_month": 0.06958755850791931,
    "cos_month": 0.030564190819859505,
    "div_yield_f": 0.015085993334650993,
    "eps_growth_f": 0.0,
    "dps_growth_f": 0.0,
    "vix_feat": 0.04991409182548523,
    "us5_f": 0.03949938341975212,
    "us20_f": 0.05455446615815163,
    "amihud_f": 0.009779339656233788,
    "fx_beta_f": 0.009425265714526176,
    "jpy5_f": 0.1060231551527977,
    "eps_surprise_f": 0.011597766540944576,
    "bps_growth_f": 0.0,
    "piotroski_f": 0.0,
    "payout_f": 0.006740968208760023,
    "accruals_f": 0.007704892661422491,
    "edinet_hold_f": 0.0,
    "cs_ret5": 0.0061213173903524876,
    "cs_ret20": 0.008704849518835545,
    "cs_ret60": 0.007438119035214186,
    "cs_rsi": 0.004639206454157829,
    "cs_vol20": 0.08355305343866348,
    "cs_pos52": 0.011983832344412804,
    "cs_sector_ret60": 0.003582366742193699
  }
}