{
  "drop": {
    "ret5": 0.009963707067072392,
    "ret20": 0.01135338470339775,
    "ret60": 0.011326109059154987,
    "ret90": 0.015236700884997845,
    "ma5_25": 0.013556860387325287,
    "ma25_75": 0.013607919216156006,
    "rsi": 0.011668398976325989,
    "vol20": 0.018352460116147995,
    "vol60": 0.0819287970662117,
    "pos52": 0.011051143519580364,
    "drawdown60": 0.01585618034005165,
    "from_hi52": 0.03113364614546299,
    "down_streak": 0.012700830586254597,
    "momentum_accel": 0.01030740886926651,
    "ma_cross_dir": 0.011632631532847881,
    "vr520": 0.011005525477230549,
    "vr2060": 0.009931071661412716,
    "vsurge": 0.009825069457292557,
    "nk5": 0.014209765940904617,
    "nk20": 0.021648533642292023,
    "nk60": 0.01523391343653202,
    "ac": 0.009869977831840515,
    "skew": 0.011423773132264614,
    "max_ret": 0.016867317259311676,
    "min_ret": 0.01873631589114666,
    "pos_ratio": 0.01103111170232296,
    "trend_slope": 0.011117120273411274,
    "recent_vs_early": 0.01087866723537445,
    "rel5": 0.009921448305249214,
    "rel20": 0.010702812112867832,
    "rel60": 0.015685025602579117,
    "alpha_momentum": 0.010664540342986584,
    "per_feat": 0.014963235706090927,
    "pbr_feat": 0.049645163118839264,
    "roe_feat": 0.014481909573078156,
    "earn_feat": 0.0,
    "div_ex_feat": 0.017542613670229912,
    "sin_month": 0.015172386541962624,
    "cos_month": 0.013971897773444653,
    "div_yield_f": 0.03513985499739647,
    "eps_growth_f": 0.013646322302520275,
    "dps_growth_f": 0.02251148782670498,
    "vix_feat": 0.019309360533952713,
    "us5_f": 0.019406693056225777,
    "us20_f": 0.01771032251417637,
    "amihud_f": 0.011467229574918747,
    "fx_beta_f": 0.009375030174851418,
    "jpy5_f": 0.015234304592013359,
    "eps_surprise_f": 0.013700628653168678,
    "bps_growth_f": 0.012825611047446728,
    "piotroski_f": 0.013124135322868824,
    "payout_f": 0.014696470461785793,
    "accruals_f": 0.01219114288687706,
    "edinet_hold_f": 0.0,
    "ret504": 0.012504109181463718,
    "trend_slope60": 0.010499601252377033,
    "trend_r2_60": 0.009721513837575912,
    "cs_ret5": 0.010179897770285606,
    "cs_ret20": 0.012166370637714863,
    "cs_ret60": 0.014892684295773506,
    "cs_rsi": 0.010927867144346237,
    "cs_vol20": 0.034794051200151443,
    "cs_pos52": 0.01619388349354267,
    "cs_sector_ret60": 0.013576054014265537
  }
}