{
  "rise": {
    "ret5": 0.041129522025585175,
    "ret20": 0.013787984848022461,
    "ret60": 0.006751721259206533,
    "ret90": 0.0073088547214865685,
    "ma5_25": 0.006421098951250315,
    "ma25_75": 0.0039055885281413794,
    "rsi": 0.004338001366704702,
    "vol20": 0.022491319105029106,
    "vol60": 0.027887625619769096,
    "pos52": 0.008378210477530956,
    "drawdown60": 0.0068374513648450375,
    "from_hi52": 0.006116694305092096,
    "down_streak": 0.005479033105075359,
    "momentum_accel": 0.019241584464907646,
    "ma_cross_dir": 0.004670188762247562,
    "vr520": 0.0036837670486420393,
    "vr2060": 0.005037861410528421,
    "vsurge": 0.004795610439032316,
    "nk5": 0.02657373994588852,
    "nk20": 0.05088680237531662,
    "nk60": 0.1483597308397293,
    "ac": 0.002655559219419956,
    "skew": 0.00525701604783535,
    "max_ret": 0.020406657829880714,
    "min_ret": 0.010983610525727272,
    "pos_ratio": 0.006944419350475073,
    "trend_slope": 0.010520955547690392,
    "recent_vs_early": 0.006900086533278227,
    "rel5": 0.04339186102151871,
    "rel20": 0.011314517818391323,
    "rel60": 0.006593065802007914,
    "alpha_momentum": 0.020308200269937515,
    "per_feat": 0.007613894529640675,
    "pbr_feat": 0.004250369966030121,
    "roe_feat": 0.01652686670422554,
    "earn_feat": 0.004290800075978041,
    "div_ex_feat": 0.02457600273191929,
    "sin_month": 0.00994956400245428,
    "cos_month": 0.02437768317759037,
    "div_yield_f": 0.005175829399377108,
    "eps_growth_f": 0.002630847040563822,
    "dps_growth_f": 0.005537914577871561,
    "vix_feat": 0.07101978361606598,
    "us5_f": 0.06665090471506119,
    "us20_f": 0.046996112912893295,
    "amihud_f": 0.008242757990956306,
    "fx_beta_f": 0.010482458397746086,
    "jpy5_f": 0.03656977415084839,
    "eps_surprise_f": 0.009128673002123833,
    "bps_growth_f": 0.011840562336146832,
    "piotroski_f": 0.0037147155962884426,
    "payout_f": 0.005728158168494701,
    "accruals_f": 0.002931373193860054,
    "cs_ret5": 0.005081720184534788,
    "cs_ret20": 0.004684867803007364,
    "cs_ret60": 0.0048934416845440865,
    "cs_rsi": 0.00468888645991683,
    "cs_vol20": 0.021926788613200188,
    "cs_pos52": 0.007167520001530647,
    "cs_sector_ret60": 0.0039632925763726234
  },
  "drop": {
    "ret5": 0.008722443133592606,
    "ret20": 0.005359682720154524,
    "ret60": 0.006628436502069235,
    "ret90": 0.0062047336250543594,
    "ma5_25": 0.004673559684306383,
    "ma25_75": 0.005689013283699751,
    "rsi": 0.0024762286338955164,
    "vol20": 0.015538075938820839,
    "vol60": 0.03484524413943291,
    "pos52": 0.0058685243129730225,
    "drawdown60": 0.007770025637000799,
    "from_hi52": 0.01245986670255661,
    "down_streak": 0.005440838169306517,
    "momentum_accel": 0.0047868224792182446,
    "ma_cross_dir": 0.005689685698598623,
    "vr520": 0.004264943767338991,
    "vr2060": 0.0049623460508883,
    "vsurge": 0.0031102700158953667,
    "nk5": 0.03607090190052986,
    "nk20": 0.029084548354148865,
    "nk60": 0.0742030069231987,
    "ac": 0.002751200459897518,
    "skew": 0.004237205721437931,
    "max_ret": 0.0248127281665802,
    "min_ret": 0.010057616047561169,
    "pos_ratio": 0.0029290630482137203,
    "trend_slope": 0.00649823434650898,
    "recent_vs_early": 0.01004563644528389,
    "rel5": 0.008964437060058117,
    "rel20": 0.005503916181623936,
    "rel60": 0.006432340480387211,
    "alpha_momentum": 0.004226586315780878,
    "per_feat": 0.009683297015726566,
    "pbr_feat": 0.009043104946613312,
    "roe_feat": 0.03419242799282074,
    "earn_feat": 0.006003054324537516,
    "div_ex_feat": 0.018938926979899406,
    "sin_month": 0.02415144257247448,
    "cos_month": 0.1485411375761032,
    "div_yield_f": 0.01798698492348194,
    "eps_growth_f": 0.0035048972349613905,
    "dps_growth_f": 0.004887174814939499,
    "vix_feat": 0.11389150470495224,
    "us5_f": 0.03298845514655113,
    "us20_f": 0.031238941475749016,
    "amihud_f": 0.006562700029462576,
    "fx_beta_f": 0.004044595640152693,
    "jpy5_f": 0.03606681153178215,
    "eps_surprise_f": 0.039884164929389954,
    "bps_growth_f": 0.002140321070328355,
    "piotroski_f": 0.0031041300389915705,
    "payout_f": 0.008166699670255184,
    "accruals_f": 0.00644153356552124,
    "cs_ret5": 0.005288316402584314,
    "cs_ret20": 0.006636285688728094,
    "cs_ret60": 0.006546799559146166,
    "cs_rsi": 0.003324371064081788,
    "cs_vol20": 0.033030830323696136,
    "cs_pos52": 0.006428226362913847,
    "cs_sector_ret60": 0.006974741816520691
  }
}