{
  "drop": {
    "ret5": 0.010990898124873638,
    "ret20": 0.009393371641635895,
    "ret60": 0.01168558094650507,
    "ret90": 0.016471663489937782,
    "ma5_25": 0.014314492233097553,
    "ma25_75": 0.01276959665119648,
    "rsi": 0.012196616269648075,
    "vol20": 0.019718112424016,
    "vol60": 0.10344665497541428,
    "pos52": 0.012905430980026722,
    "drawdown60": 0.026636362075805664,
    "from_hi52": 0.03232729434967041,
    "down_streak": 0.012257417663931847,
    "momentum_accel": 0.009707920253276825,
    "ma_cross_dir": 0.013151348568499088,
    "vr520": 0.01269623450934887,
    "vr2060": 0.010840083472430706,
    "vsurge": 0.010759871453046799,
    "nk5": 0.0172854196280241,
    "nk20": 0.014085245318710804,
    "nk60": 0.015315553173422813,
    "ac": 0.011302182450890541,
    "skew": 0.012726389802992344,
    "max_ret": 0.019035229459404945,
    "min_ret": 0.016909683123230934,
    "pos_ratio": 0.010732813738286495,
    "trend_slope": 0.010881665162742138,
    "recent_vs_early": 0.012601842172443867,
    "rel5": 0.01082614716142416,
    "rel20": 0.01247351337224245,
    "rel60": 0.015445390716195107,
    "alpha_momentum": 0.009927668608725071,
    "per_feat": 0.012123571708798409,
    "pbr_feat": 0.06191292777657509,
    "roe_feat": 0.015383433550596237,
    "div_ex_feat": 0.019923686981201172,
    "sin_month": 0.01693182997405529,
    "div_yield_f": 0.04336018115282059,
    "eps_growth_f": 0.013839596882462502,
    "dps_growth_f": 0.021677661687135696,
    "vix_feat": 0.019591011106967926,
    "amihud_f": 0.011363822966814041,
    "fx_beta_f": 0.010540535673499107,
    "eps_surprise_f": 0.014570824801921844,
    "bps_growth_f": 0.011977940797805786,
    "piotroski_f": 0.010992636904120445,
    "payout_f": 0.012685696594417095,
    "accruals_f": 0.010813207365572453,
    "trend_slope60": 0.012355627492070198,
    "trend_r2_60": 0.010173486545681953,
    "cs_ret5": 0.012354561127722263,
    "cs_ret20": 0.0163654163479805,
    "cs_ret60": 0.017153454944491386,
    "cs_rsi": 0.012077496387064457,
    "cs_vol20": 0.03706321865320206,
    "cs_pos52": 0.01695137284696102,
    "cs_sector_ret60": 0.015999093651771545
  }
}