{
  "rise": 0.20233462750911713,
  "drop": 0.23529411852359772
}