{
  "rise": 0.1510286033153534,
  "drop": 0.4798084795475006
}