{
  "rise": 0.23853299021720886,
  "drop": 0.15412402153015137
}