{
  "rise": 0.3138144314289093,
  "drop": 0.08235294371843338
}