{
  "rise": 0.31642189621925354,
  "drop": 0.06882670521736145
}