{
  "rise": 0.3376927971839905,
  "drop": 0.03971405699849129
}