{
  "rise": 0.3325031101703644,
  "drop": 0.08988764137029648
}