{
  "rise": 0.2606635093688965,
  "drop": 0.03485254570841789
}