{
  "rise": 0.17940334975719452,
  "drop": 0.6221274733543396
}