{
  "rise": 0.2659175992012024,
  "drop": 0.07823128998279572
}