{
  "rise": 0.27272728085517883,
  "drop": 0.08924484997987747
}