{
  "rise": {
    "ret5": 0.013036907650530338,
    "ret20": 0.012571463361382484,
    "ret60": 0.017071297392249107,
    "ret90": 0.01967906393110752,
    "ma5_25": 0.014662155881524086,
    "ma25_75": 0.016164042055606842,
    "rsi": 0.014360934495925903,
    "vol20": 0.07866353541612625,
    "vol60": 0.15294790267944336,
    "pos52": 0.02924630604684353,
    "drawdown60": 0.014337243512272835,
    "from_hi52": 0.022229982540011406,
    "down_streak": 0.03487434983253479,
    "momentum_accel": 0.013752881437540054,
    "ma_cross_dir": 0.020836856216192245,
    "vr520": 0.01408894918859005,
    "vr2060": 0.01750386878848076,
    "vsurge": 0.02112823724746704,
    "nk5": 0.06908465921878815,
    "nk20": 0.04910445958375931,
    "nk60": 0.07394538819789886,
    "ac": 0.014005353674292564,
    "skew": 0.02111087553203106,
    "max_ret": 0.03613428771495819,
    "min_ret": 0.015012470073997974,
    "pos_ratio": 0.014358566142618656,
    "trend_slope": 0.011775748804211617,
    "recent_vs_early": 0.011276978068053722,
    "cs_ret5": 0.01362218614667654,
    "cs_ret20": 0.01322925928980112,
    "cs_ret60": 0.010609312914311886,
    "cs_rsi": 0.01037555281072855,
    "cs_vol20": 0.08988943696022034,
    "cs_pos52": 0.01930953748524189
  },
  "drop": {
    "ret5": 0.013208221644163132,
    "ret20": 0.01178732793778181,
    "ret60": 0.016337640583515167,
    "ret90": 0.028435008600354195,
    "ma5_25": 0.015019725076854229,
    "ma25_75": 0.012181784957647324,
    "rsi": 0.011975393630564213,
    "vol20": 0.013936636969447136,
    "vol60": 0.2289036214351654,
    "pos52": 0.0181865431368351,
    "drawdown60": 0.01686674728989601,
    "from_hi52": 0.0474877692759037,
    "down_streak": 0.011534524150192738,
    "momentum_accel": 0.012660065665841103,
    "ma_cross_dir": 0.013848217204213142,
    "vr520": 0.012955333106219769,
    "vr2060": 0.015098278410732746,
    "vsurge": 0.013538974337279797,
    "nk5": 0.034230295568704605,
    "nk20": 0.036932870745658875,
    "nk60": 0.038321662694215775,
    "ac": 0.012553057633340359,
    "skew": 0.01458160299807787,
    "max_ret": 0.01683995872735977,
    "min_ret": 0.011430379003286362,
    "pos_ratio": 0.010343382135033607,
    "trend_slope": 0.01408661063760519,
    "recent_vs_early": 0.014947178773581982,
    "cs_ret5": 0.012029667384922504,
    "cs_ret20": 0.013668647967278957,
    "cs_ret60": 0.015537222847342491,
    "cs_rsi": 0.011996589601039886,
    "cs_vol20": 0.2047988772392273,
    "cs_pos52": 0.023740151897072792
  }
}