{
  "rise": 0.3249365985393524,
  "drop": 0.13875597715377808
}